{"cameraMode":{"drawMode":0,"name":"Shaded","section":"Shading Mode"},"sceneLighting":true,"audioPlay":false,"sceneViewState":{"showFog":true,"showMaterialUpdate":false,"showSkybox":true,"showFlares":true,"showImageEffects":true,"showParticleSystems":true},"in2DMode":false,"pivot":{"x":0.634742021560669,"y":-0.7859899997711182,"z":-0.04267549514770508},"rotation":{"x":0.31062087416648867,"y":0.2821105420589447,"z":-0.09835124760866165,"w":0.9025745391845703},"size":5.170950412750244,"orthographic":false}