{"cameraMode":{"drawMode":0,"name":"Shaded","section":"Shading Mode"},"sceneLighting":true,"audioPlay":false,"sceneViewState":{"showFog":true,"showMaterialUpdate":false,"showSkybox":true,"showFlares":true,"showImageEffects":true,"showParticleSystems":true},"in2DMode":false,"pivot":{"x":-0.10730385780334473,"y":0.7455511093139648,"z":-0.09707963466644287},"rotation":{"x":-0.08223509043455124,"y":0.11251562088727951,"z":-0.008994987234473229,"w":-0.9903096556663513},"size":1.6615474224090577,"orthographic":false}