{"cameraMode":{"drawMode":0,"name":"Shaded","section":"Shading Mode"},"sceneLighting":true,"audioPlay":false,"sceneViewState":{"showFog":true,"showMaterialUpdate":false,"showSkybox":true,"showFlares":true,"showImageEffects":true,"showParticleSystems":true},"in2DMode":false,"pivot":{"x":-1.200305461883545,"y":1.9867956638336182,"z":-4.917636394500732},"rotation":{"x":-0.1349276900291443,"y":-0.7389949560165405,"z":0.1554339975118637,"w":-0.6415018439292908},"size":2.729905843734741,"orthographic":false}